S01	HOST-01, HOST-02	workspace skeleton, typed domain primitives, startup-validated config	workspace builds; newtypes for resource type, id, version, weak etag; one error enum mapped to an operation outcome; invalid config fails fast	cargo build, cargo test
S02	HOST-04, VER-01	resource envelope and JSON serialization	round-trip preserves id, type, version, last-updated; raw bytes verbatim; invalid envelopes rejected at the edge	cargo build, cargo test, round-trip fixtures
S03	PERS-02, REST-01, REST-02, REST-03, REST-04	async store trait and in-memory adapter	create, read, vread, update with optimistic concurrency; no-op update creates no version; unknown id and version rejected	cargo build, cargo test
S04	HOST-01, HOST-03, REST-01, REST-02, REST-03, REST-09	running binary serving read, vread, create, update over HTTP	routes, JSON formatting, ETag and Last-Modified, health endpoint, every failure mapped to an operation outcome with correct status	cargo build, cargo test, live smoke against the started binary
S05	REST-05, REST-06, REST-07, REST-08	history, delete, conditional interactions, patch	system/type/instance history with paging and time filters; soft and hard delete and purge; conditional create/update/delete; JSON and path patch	cargo build, cargo test, live smoke
S06	SRCH-01, SRCH-02, SRCH-03	search core: query parsing, value types, result control over the in-memory adapter	common parameters, all value types, sort, count, elements, summary, total, continuation tokens; unsupported parameters rejected	cargo build, cargo test, live smoke
S07	SRCH-04, SRCH-05, SRCH-06, SRCH-07, SRCH-08	search advanced: modifiers, chaining, includes, compartments	every listed modifier; multi-level chaining; includes and reverse includes with iterate; compartment membership resolved server-side	cargo build, cargo test, live smoke
S08	SRCH-09, SRCH-10, SRCH-11, SRCH-12, SRCH-13, SPM-01, SPM-02, SPM-03, SPM-04, SPM-05	parameter registry, status, reindex over the in-memory adapter	custom parameter definitions, status endpoints, reindex backfill with failure reporting, optimistic concurrency, token overflow	cargo build, cargo test, live smoke
S09	PERS-01, PERS-02, PERS-03, PERS-05, PERS-07	relational backend behind the store contract with migrations	schema and forward-only migrations, version table, batched upsert, history, purge, soft delete, SQL-compiled search, retries; integration tests against the engine from compose.yaml	cargo build, cargo test including integration
S10	BNDL-01, BNDL-02, BNDL-03, BNDL-04, BNDL-05	transaction and batch processing	transaction atomicity, batch per-entry outcomes, conditional and search entries, per-entry authorization, entry orchestration	cargo build, cargo test, live smoke
S11	JOB-01, JOB-02, JOB-03, JOB-04, JOB-05, JOB-06, JOB-07	durable async jobs with leases, cancellation, recovery	job types, status location and polling, lease and heartbeat, crashed work resumed, cancellation within one heartbeat, watchdogs, throttling, retention purge	cargo build, cargo test, crashed-worker test
S12	EXP-01, EXP-02, EXP-03, EXP-04, IMP-01, IMP-02	bulk export and import over the job framework	system, patient, group, anonymized export with filters and failure files; ndjson import with positional errors and incremental mode	cargo build, cargo test, live smoke
S13	BDEL-01, BUPD-01, RIDX-01	bulk mutations as jobs	bulk delete of live and soft-deleted resources, bulk update by patch, reindex with parameter targeting	cargo build, cargo test, live smoke
S14	CNV-01, VAL-01, EVR-01, MM-01, INC-01, DOC-01, TRM-01	remaining extended operations	convert-data, validate, everything, member-match, includes, docref, value set expand	cargo build, cargo test, live smoke
S15	CAP-01, CAP-02, CAP-03, VER-02, VER-03	capability statement, operation definitions, discovery, versions	statement generated from registered capability, operation definition endpoints, well-known SMART configuration, version listing	cargo build, cargo test, live smoke
S16	SEC-01, SEC-02, SEC-03, SEC-04, SEC-05, SEC-06	authentication, data actions, scopes, introspection, audit	bearer validation with issuer discovery, data actions enforced at handler boundary, resource and compartment scopes, scope checks on jobs, introspection endpoint, audit event per read and write	cargo build, cargo test, live smoke
S17	PERS-04, PERS-06	second backend and change capture	document adapter passes the same suite; change feed emits one ordered record per create, update, delete	cargo build, cargo test against a real engine
S18	OBS-01, OBS-02, OBS-03, OBS-04	telemetry, metrics, correlation, scrape endpoint	rate-limited telemetry with stable dimensions, metrics per operation, correlation across request and job boundaries, restricted scrape endpoint	cargo build, cargo test, live smoke
S19	TOOL-01, TOOL-02, TOOL-03, TOOL-04, DEP-01, DEP-02, DEP-03, TST-01, TST-02, TST-03, TST-04, TST-05	CLIs, deployment artifacts, pipeline, coverage gate	migration, import, export, index-rebuild, job scaffolding CLIs; container and cluster artifacts; pipeline runs build, tests, static analysis, coverage gate at 85%	pipeline definition present, coverage gate enforced
S20	SEC-07, SEC-08	cryptography defects: audited libraries and issuer-published key verification	no primitive implemented here; audited libraries verify; asymmetric signatures verified against published keys; a symmetric algorithm from an issuer refused; existing authorization tests pass unchanged	cargo build, cargo test, live smoke with wrong-key, unsigned and symmetric tokens
S21	MDL-01, MDL-02, VAL-02, VER-04	specification fidelity: generated models, structural validation, every version	per-version models generated from the specification; a body not matching its declared type refused at the edge; validation naming the rule that failed; every named version served end to end	cargo build, cargo test, live smoke per version
S22	TRM-02, OPS-04	real terminology content and external conformance certification	code systems loadable and versioned with subsumption over published hierarchies; an external conformance suite run per version and its report kept	cargo build, cargo test, external suite report
S23	OPS-01, OPS-02, OPS-03	operational readiness: load, multi-instance, failure recovery	published latency and throughput on realistically shaped data; two instances sharing token key, parameter cache and limits; drills for engine loss, worker loss, restart under load, timed restore	recorded runs and drills
S24	SEC-09, SEC-10, CLIN-01, CLIN-02, CLIN-03, CLIN-04	clinical assurance: independent review, durable audit, safety case	independent security review and penetration test closed; audit durable and tamper-evident with retention and export; hazard analysis; signed safety case; privacy controls evidenced; staged rollout with exercised rollback	external reports and named sign-off
S25	HOST-05, PERS-08, JOB-08, SEC-11	operational and discovery defects found by the drills and the review scope	health reports the dependency; a bounded connection wait with a retry hint; shutdown drains and hands over with a per-instance worker name; issuer key discovery authenticated and pinned	cargo build, cargo test, each originating drill rerun
S26	TST-01	rewrite crates/core model, envelope, error, patch, terminology, validate and convert tests as independent evidence; read scratch/analysis/core-model.md first	every assertion derived from the spec or the reference and not from current output; round trip proves losslessness; patch atomicity proven; status and outcome mapping asserted per code; the production code is fixed where a finding shows it is wrong	read scratch/analysis/core-model.md, cargo build, cargo test
S27	TST-01	rewrite crates/core search and parameter tests as independent evidence; read scratch/analysis/core-search.md first	compartment membership asserted against the published definitions; modifiers, chains, includes, tokens, sort ties and totals asserted per spec; no test re-implements the parser; the production code is fixed where a finding shows it is wrong	cargo build, cargo test
S28	TST-03	rewrite crates/api interaction, bundle, history, conformance and security tests as independent evidence; read scratch/analysis/api.md first	status codes per spec and reference, conditional delete and stale match included; a grant is proven both to grant and to withhold; live HTTP tests per R-07 and R-10; no internal detail in an error body	cargo build, cargo test, live smoke
S29	TST-02	rewrite crates/jobs, host and telemetry tests against durable behaviour; read scratch/analysis/jobs-host.md first	lease, heartbeat, reclaim, retry, cancellation and throttling fail when durability is removed; export coverage, ndjson shape and failure files and import row errors asserted; health reports each dependency	cargo build, cargo test
S30	TST-02	make the shared store and job suites real evidence for every adapter; read scratch/analysis/adapters.md first	no test returns Ok when an engine is absent; both backends run the same suite in the pipeline; paging, sort ties, soft delete, history, purge, change feed order and forward-only migrations proven; no client filtering	cargo build, cargo test with the engines from compose.yaml
S31	TST-04, TST-05	record the external conformance and discovery suites per version and enforce the coverage gate	external suites run per version and recorded under doc; coverage below 85% fails the build; a regression blocks	cargo build, cargo test, coverage report
S32	HOST-06, HOST-07	representation parity: XML and complete content negotiation	XML parsed and serialized per version for resources and bundles, round-tripping without loss; Accept, _format and _pretty honoured on every answer including errors and outcomes	cargo build, cargo test, live smoke per representation
S33	MIG-01, MIG-02, MIG-03	migration from the incumbent store, verified and reversible	incumbent store read without writing to it; every resource, version and delete marker migrated and accounted for with a report of what did not transfer; cutover and rollback exercised on a copy	migration run over a seeded incumbent with counts reconciled both ways
S34	SHDW-01, SHDW-02, SHDW-03	shadow running against the incumbent on the same traffic	both serve the same request shapes with neither affecting the other; divergences classified by kind and severity with the producing request; acceptance gate agreed before the run	a recorded shadow run and its difference report
S35	REST-10, CAP-04	create-by-update, and a capability statement that cannot claim what no handler answers	an update to an unseen identifier creates and answers created; a declared capability is one a handler answers and a declaration with no handler fails the build; the shadow run repeated with remaining divergences recorded beside the first	cargo build, cargo test, shadow run repeated against the incumbent
S36	SHDW-04, OPS-05	triage the remaining divergences and rerun the drills against the S25 fixes	every remaining divergence either fixed or recorded as a deliberate difference with its reason and the gate amended visibly; the four drills rerun with new figures beside the old	shadow run repeated, drills rerun with recorded figures
S37	HOST-07	the XML representation and complete content negotiation	Accept, _format and _pretty honoured on every answer including errors and outcomes; a client asking for XML is answered in XML and one sending it is understood	cargo build, cargo test, live smoke per representation
S38	SHDW-04, SHDW-05	close the blocking divergences and broaden the shadow run	the six ungrounded signatures each decided against a named decision; the run repeated across every served release, the relational backend and both representations	shadow run repeated with counts recorded
S39	MIG-04	migration proven on a seeded store of realistic size	an incumbent store seeded through its own procedures, migrated, reconciled both ways, time and failures recorded, rollback exercised at that size	a recorded run with figures
S40	SEC-09	a small internal security review, honestly labelled	crypto, authorization, audit and discovery reviewed against the recorded threat model, findings raised as ids, the report stating it is internal and not independent	findings raised and recorded
S41	CLIN-01, CLIN-03, OPS-04, SUBS-01, TRM-03	follow the reference service on hazard posture, breach handling, conformance suites, subscriptions and terminology	the reference service's documented posture matched, the suites it runs run here, subscriptions implemented as it implements them, terminology supplied as it supplies it	cargo build, cargo test, each suite's own report
S72	SIM-01	a generator the committed definitions and terminology drive	each emitted resource shaped by crates/core/definitions for the release targeted; every coded element a code crates/core/terminology defines, looked up rather than hard-coded; every body passes Model::check and $validate on each served release; a seed fixes every byte	cargo build, cargo test, emitted bodies validated per release
S73	SIM-02	clinical shape rather than uniform noise	demographics spread and asserted; encounters over years, conditions with onset and abatement, medications with dosages, observations with UCUM units and reference ranges, documents; every reference resolves; each patient compartment well formed against the published compartment definitions	cargo build, cargo test, references resolved and compartments checked
S74	SIM-03	a population that moved	several versions per resource with last-updated strictly increasing; soft deletes leaving a delete marker with history still readable; instance history ordered per spec; _since, _at and _before selecting by generated times; the seed fixes the history	cargo build, cargo test, history and time filters over a loaded population
S75	SIM-04	upload through the doors the service already has	ndjson through POST /$import over HTTP polled to completion; entries through transaction bundles with per-entry request method and url; one connection per request with an explicit read timeout and the address learned from the bound instance; re-running a seed adds no version; the in-process loader stops being the loading path	cargo build, cargo test, a live load against a running instance
S76	SIM-05	the loaded population checked and recorded	every loaded resource passes $validate and the count validated equals the count loaded; predicted counts match search per type with mismatches naming both numbers; Patient/$everything returns exactly the built compartment; size, time and failure figures recorded under doc/ops per release and per backend	a population loaded, validated, searched and its figures recorded per release
S126	FS-213, FS-214	a suite that cannot reach its engine fails, and one definition of what a release must pass	skipping permitted only by a named environment variable no pipeline sets; the engines started before the test stage and stopped after it; the hosted run driven through ci/run.sh; a test failing when the two definitions list different stages	cargo build, cargo test with the engines up and again with them down
S127	FS-215, FS-218	a refusal a client can switch on rather than parse	details.coding from the published operation-outcome system on every refusal, expression where the element is known, codes read from the catalogue rather than written as literals, _offset refused with a diagnostic naming the continuation link	cargo build, cargo test, a test per refusal shape
S128	FS-216	extra indexes an operator names in a file	applied after the migration and never instead of it; a key naming an unknown parameter or slot refused at startup with the line named; the applied set reported in the readiness answer; an absent file changes nothing	cargo build, cargo test, both durable suites with a valid and a malformed file
S129	FS-217	introspection as a client, for an issuer that mints opaque tokens	a second guard mode: active, scopes, subject and expiry from the reply; cached no longer than the expiry; an unreachable endpoint refuses rather than admits; declared in discovery; the local mode unchanged and still the default	cargo build, cargo test, a stub issuer answering active, inactive, expired and unreachable
